...1,State,PrivPub,school,class,sex,like,Class,like2
1,ACT,public,1,1,f,8,1.1,8
2,ACT,public,1,1,f,6,1.1,6
3,ACT,public,1,1,f,5,1.1,5
4,ACT,public,1,1,f,2,1.1,2
6,ACT,public,1,1,f,5,1.1,5
7,ACT,public,1,1,f,6,1.1,6
8,ACT,public,1,1,f,3,1.1,3
9,ACT,public,1,1,f,7,1.1,7
10,ACT,public,1,1,m,6,1.1,6
11,ACT,public,1,1,m,3,1.1,3
12,ACT,public,1,1,m,4,1.1,4
13,ACT,public,1,1,m,8,1.1,8
14,ACT,public,1,1,m,5,1.1,5
15,ACT,public,1,1,m,8,1.1,8
16,ACT,public,1,2,f,2,1.2,2
17,ACT,public,1,2,f,4,1.2,4
18,ACT,public,1,2,f,4,1.2,4
19,ACT,public,1,2,f,4,1.2,4
20,ACT,public,1,2,f,3,1.2,3
21,ACT,public,1,2,f,5,1.2,5
22,ACT,public,1,2,f,6,1.2,6
24,ACT,public,1,2,m,6,1.2,6
25,ACT,public,1,2,m,6,1.2,6
26,ACT,public,1,2,m,5,1.2,5
27,ACT,public,1,2,m,8,1.2,8
28,ACT,public,1,2,m,5,1.2,5
29,ACT,public,1,2,m,6,1.2,6
30,ACT,public,1,3,f,5,1.3,5
31,ACT,public,1,3,f,4,1.3,4
33,ACT,public,1,3,f,3,1.3,3
34,ACT,public,1,3,f,4,1.3,4
35,ACT,public,1,3,f,1,1.3,1
36,ACT,public,1,3,f,1,1.3,1
37,ACT,public,1,3,m,7,1.3,7
38,ACT,public,1,3,m,7,1.3,7
39,ACT,public,1,3,m,3,1.3,3
40,ACT,public,1,3,m,8,1.3,8
41,ACT,public,1,3,m,5,1.3,5
42,ACT,public,1,3,m,3,1.3,3
43,ACT,public,1,3,m,8,1.3,8
44,ACT,public,1,3,m,6,1.3,6
45,ACT,public,2,1,f,6,2.1,6
46,ACT,public,2,1,f,3,2.1,3
47,ACT,public,2,1,f,3,2.1,3
48,ACT,public,2,1,f,7,2.1,7
49,ACT,public,2,1,f,6,2.1,6
50,ACT,public,2,1,f,7,2.1,7
51,ACT,public,2,1,f,6,2.1,6
52,ACT,public,2,1,f,8,2.1,8
53,ACT,public,2,1,f,7,2.1,7
54,ACT,public,2,1,f,7,2.1,7
55,ACT,public,2,1,f,3,2.1,3
56,ACT,public,2,1,m,8,2.1,8
57,ACT,public,2,1,m,7,2.1,7
58,ACT,public,2,1,m,8,2.1,8
60,ACT,public,2,1,m,4,2.1,4
61,ACT,public,2,1,m,3,2.1,3
62,ACT,public,2,1,m,1,2.1,1
63,ACT,public,2,1,m,3,2.1,3
65,ACT,public,2,1,m,8,2.1,8
66,ACT,public,2,1,m,6,2.1,6
67,ACT,public,2,1,m,7,2.1,7
68,ACT,public,2,1,m,3,2.1,3
69,ACT,public,2,1,m,6,2.1,6
70,ACT,public,2,1,m,7,2.1,7
71,ACT,public,2,1,m,8,2.1,8
72,ACT,public,2,1,m,8,2.1,8
73,ACT,public,3,1,f,3,3.1,3
74,ACT,public,3,1,f,2,3.1,2
75,ACT,public,3,1,f,8,3.1,8
76,ACT,public,3,1,f,6,3.1,6
77,ACT,public,3,1,f,2,3.1,2
78,ACT,public,3,1,f,4,3.1,4
79,ACT,public,3,1,f,3,3.1,3
80,ACT,public,3,1,f,5,3.1,5
81,ACT,public,3,1,f,3,3.1,3
82,ACT,public,3,1,f,5,3.1,5
83,ACT,public,3,1,f,6,3.1,6
84,ACT,public,3,1,f,7,3.1,7
85,ACT,public,3,1,f,8,3.1,8
86,ACT,public,3,1,f,7,3.1,7
87,ACT,public,3,1,m,2,3.1,2
88,ACT,public,3,1,m,5,3.1,5
89,ACT,public,3,1,m,6,3.1,6
90,ACT,public,3,1,m,6,3.1,6
91,ACT,public,3,1,m,5,3.1,5
92,ACT,public,3,1,m,4,3.1,4
93,ACT,public,3,1,m,7,3.1,7
94,ACT,public,3,1,m,6,3.1,6
95,ACT,public,3,1,m,4,3.1,4
96,ACT,public,3,1,m,4,3.1,4
97,ACT,public,3,1,m,6,3.1,6
98,ACT,public,3,1,m,4,3.1,4
99,ACT,public,3,1,m,4,3.1,4
100,ACT,public,3,2,f,8,3.2,8
101,ACT,public,3,2,f,6,3.2,6
102,ACT,public,3,2,f,4,3.2,4
103,ACT,public,3,2,f,5,3.2,5
104,ACT,public,3,2,f,6,3.2,6
106,ACT,public,3,2,f,6,3.2,6
107,ACT,public,3,2,f,4,3.2,4
108,ACT,public,3,2,f,3,3.2,3
109,ACT,public,3,2,f,4,3.2,4
110,ACT,public,3,2,f,5,3.2,5
111,ACT,public,3,2,f,4,3.2,4
113,ACT,public,3,2,m,6,3.2,6
114,ACT,public,3,2,m,5,3.2,5
115,ACT,public,3,2,m,6,3.2,6
116,ACT,public,3,2,m,3,3.2,3
117,ACT,public,3,2,m,8,3.2,8
118,ACT,public,3,2,m,5,3.2,5
119,ACT,public,3,2,m,4,3.2,4
120,ACT,public,3,2,m,7,3.2,7
121,ACT,public,3,2,m,8,3.2,8
122,ACT,public,3,2,m,6,3.2,6
123,ACT,public,3,2,m,7,3.2,7
125,ACT,public,4,1,f,5,4.1,5
126,ACT,public,4,1,f,6,4.1,6
127,ACT,public,4,1,f,6,4.1,6
128,ACT,public,4,1,f,6,4.1,6
129,ACT,public,4,1,f,6,4.1,6
130,ACT,public,4,1,f,8,4.1,8
131,ACT,public,4,1,f,4,4.1,4
132,ACT,public,4,1,f,8,4.1,8
133,ACT,public,4,1,f,8,4.1,8
134,ACT,public,4,1,f,6,4.1,6
135,ACT,public,4,1,f,5,4.1,5
137,ACT,public,4,1,f,6,4.1,6
139,ACT,public,4,1,m,6,4.1,6
140,ACT,public,4,1,m,8,4.1,8
141,ACT,public,4,1,m,5,4.1,5
142,ACT,public,4,1,m,8,4.1,8
143,ACT,public,4,1,m,6,4.1,6
144,ACT,public,4,1,m,8,4.1,8
145,ACT,public,4,1,m,8,4.1,8
146,ACT,public,4,1,m,8,4.1,8
147,ACT,public,4,1,m,7,4.1,7
148,ACT,public,4,1,m,5,4.1,5
150,ACT,public,4,1,m,6,4.1,6
151,ACT,public,4,1,m,8,4.1,8
152,ACT,public,4,1,m,8,4.1,8
153,ACT,public,4,1,m,6,4.1,6
155,ACT,public,4,1,m,5,4.1,5
156,ACT,public,5,1,f,2,5.1,2
157,ACT,public,5,1,f,4,5.1,4
158,ACT,public,5,1,f,4,5.1,4
159,ACT,public,5,1,f,5,5.1,5
160,ACT,public,5,1,f,6,5.1,6
161,ACT,public,5,1,f,4,5.1,4
162,ACT,public,5,1,f,4,5.1,4
163,ACT,public,5,1,f,5,5.1,5
164,ACT,public,5,1,f,2,5.1,2
165,ACT,public,5,1,f,5,5.1,5
166,ACT,public,5,1,m,4,5.1,4
167,ACT,public,5,1,m,2,5.1,2
169,ACT,public,5,1,m,6,5.1,6
170,ACT,public,6,1,f,5,6.1,5
171,ACT,public,6,1,f,5,6.1,5
172,ACT,public,6,1,f,6,6.1,6
173,ACT,public,6,1,f,6,6.1,6
175,ACT,public,6,1,f,8,6.1,8
176,ACT,public,6,1,f,4,6.1,4
177,ACT,public,6,1,f,5,6.1,5
178,ACT,public,6,1,f,2,6.1,2
179,ACT,public,6,1,f,8,6.1,8
180,ACT,public,6,1,f,3,6.1,3
181,ACT,public,6,1,f,7,6.1,7
182,ACT,public,6,1,f,5,6.1,5
183,ACT,public,6,1,f,6,6.1,6
184,ACT,public,6,1,f,4,6.1,4
185,ACT,public,6,1,f,6,6.1,6
186,ACT,public,6,1,m,6,6.1,6
187,ACT,public,6,1,m,7,6.1,7
188,ACT,public,6,1,m,2,6.1,2
189,ACT,public,6,1,m,6,6.1,6
190,ACT,public,6,1,m,7,6.1,7
191,ACT,public,6,1,m,2,6.1,2
192,ACT,public,6,1,m,6,6.1,6
193,ACT,public,6,1,m,6,6.1,6
194,ACT,public,6,2,f,6,6.2,6
195,ACT,public,6,2,f,6,6.2,6
196,ACT,public,6,2,f,3,6.2,3
197,ACT,public,6,2,f,8,6.2,8
198,ACT,public,6,2,f,6,6.2,6
199,ACT,public,6,2,f,6,6.2,6
200,ACT,public,6,2,f,6,6.2,6
201,ACT,public,6,2,f,6,6.2,6
202,ACT,public,6,2,f,6,6.2,6
203,ACT,public,6,2,f,6,6.2,6
204,ACT,public,6,2,f,6,6.2,6
205,ACT,public,6,2,f,7,6.2,7
206,ACT,public,6,2,f,8,6.2,8
207,ACT,public,6,2,f,4,6.2,4
208,ACT,public,6,2,m,8,6.2,8
209,ACT,public,6,2,m,8,6.2,8
210,ACT,public,6,2,m,6,6.2,6
211,ACT,public,6,2,m,6,6.2,6
213,ACT,public,6,2,m,4,6.2,4
215,ACT,public,6,2,m,5,6.2,5
216,ACT,public,7,1,f,4,7.1,4
217,ACT,public,7,1,f,4,7.1,4
218,ACT,public,7,1,f,3,7.1,3
219,ACT,public,7,1,f,4,7.1,4
220,ACT,public,7,1,f,4,7.1,4
221,ACT,public,7,1,f,7,7.1,7
222,ACT,public,7,1,f,4,7.1,4
223,ACT,public,7,1,m,7,7.1,7
224,ACT,public,7,1,m,6,7.1,6
226,ACT,public,7,1,m,7,7.1,7
227,ACT,public,7,1,m,4,7.1,4
228,ACT,public,7,1,m,7,7.1,7
229,ACT,public,7,1,m,4,7.1,4
230,ACT,public,7,1,m,7,7.1,7
231,ACT,public,7,1,m,7,7.1,7
232,ACT,public,7,1,m,4,7.1,4
233,ACT,public,7,1,m,7,7.1,7
235,ACT,public,8,1,f,6,8.1,6
237,ACT,public,8,1,f,7,8.1,7
238,ACT,public,8,1,f,3,8.1,3
240,ACT,public,8,1,f,3,8.1,3
241,ACT,public,8,1,f,6,8.1,6
242,ACT,public,8,1,f,6,8.1,6
243,ACT,public,8,1,f,8,8.1,8
244,ACT,public,8,1,f,7,8.1,7
245,ACT,public,8,1,f,7,8.1,7
247,ACT,public,8,1,m,5,8.1,5
248,ACT,public,8,1,m,7,8.1,7
249,ACT,public,8,1,m,5,8.1,5
250,ACT,public,8,1,m,3,8.1,3
251,ACT,public,8,1,m,3,8.1,3
252,ACT,public,8,1,m,7,8.1,7
253,ACT,public,8,1,m,5,8.1,5
255,ACT,public,8,1,m,4,8.1,4
256,ACT,public,8,1,m,8,8.1,8
257,ACT,public,8,1,m,6,8.1,6
258,ACT,public,8,1,m,6,8.1,6
259,ACT,public,8,1,m,6,8.1,6
260,ACT,public,8,1,m,1,8.1,1
261,ACT,public,8,1,m,2,8.1,2
262,ACT,public,8,1,m,7,8.1,7
263,ACT,public,8,1,m,6,8.1,6
264,ACT,public,8,1,m,7,8.1,7
265,ACT,public,8,1,m,6,8.1,6
267,ACT,public,9,1,f,5,9.1,5
268,ACT,public,9,1,f,3,9.1,3
269,ACT,public,9,1,f,5,9.1,5
270,ACT,public,9,1,f,5,9.1,5
271,ACT,public,9,1,f,6,9.1,6
272,ACT,public,9,1,f,4,9.1,4
273,ACT,public,9,1,f,6,9.1,6
274,ACT,public,9,1,f,4,9.1,4
275,ACT,public,9,1,f,5,9.1,5
276,ACT,public,9,1,f,3,9.1,3
277,ACT,public,9,1,f,4,9.1,4
279,ACT,public,9,1,m,6,9.1,6
280,ACT,public,9,1,m,7,9.1,7
281,ACT,public,9,1,m,8,9.1,8
282,ACT,public,9,1,m,5,9.1,5
283,ACT,public,9,1,m,8,9.1,8
285,ACT,public,9,1,m,6,9.1,6
286,ACT,public,9,1,m,6,9.1,6
287,ACT,public,9,1,m,8,9.1,8
288,ACT,public,9,1,m,6,9.1,6
289,ACT,public,9,1,m,4,9.1,4
290,ACT,public,9,1,m,2,9.1,2
291,ACT,public,9,1,m,6,9.1,6
292,ACT,public,9,1,m,6,9.1,6
293,ACT,public,9,1,m,7,9.1,7
294,ACT,public,10,1,f,8,10.1,8
295,ACT,public,10,1,f,6,10.1,6
296,ACT,public,10,1,f,7,10.1,7
297,ACT,public,10,1,f,8,10.1,8
298,ACT,public,10,1,f,4,10.1,4
299,ACT,public,10,1,f,6,10.1,6
300,ACT,public,10,1,f,7,10.1,7
302,ACT,public,10,1,f,3,10.1,3
304,ACT,public,10,1,m,8,10.1,8
305,ACT,public,10,1,m,6,10.1,6
306,ACT,public,10,1,m,8,10.1,8
307,ACT,public,10,1,m,8,10.1,8
308,ACT,public,10,1,m,3,10.1,3
309,ACT,public,10,1,m,5,10.1,5
310,ACT,public,11,1,f,8,11.1,8
311,ACT,public,11,1,f,3,11.1,3
312,ACT,public,11,1,f,8,11.1,8
313,ACT,public,11,1,f,7,11.1,7
314,ACT,public,11,1,f,6,11.1,6
315,ACT,public,11,1,f,6,11.1,6
316,ACT,public,11,1,f,6,11.1,6
317,ACT,public,11,1,f,6,11.1,6
318,ACT,public,11,1,f,6,11.1,6
319,ACT,public,11,1,m,6,11.1,6
320,ACT,public,11,1,m,3,11.1,3
321,ACT,public,11,1,m,5,11.1,5
322,ACT,public,11,1,m,6,11.1,6
323,ACT,public,11,1,m,6,11.1,6
324,ACT,public,11,1,m,5,11.1,5
325,ACT,public,11,1,m,8,11.1,8
326,ACT,public,12,1,f,2,12.1,2
327,ACT,public,12,1,f,4,12.1,4
328,ACT,public,12,1,f,6,12.1,6
329,ACT,public,12,1,f,6,12.1,6
330,ACT,public,12,1,f,8,12.1,8
331,ACT,public,12,1,f,7,12.1,7
332,ACT,public,12,1,f,8,12.1,8
333,ACT,public,12,1,f,6,12.1,6
334,ACT,public,12,1,f,5,12.1,5
336,ACT,public,12,1,f,8,12.1,8
337,ACT,public,12,1,f,4,12.1,4
338,ACT,public,12,1,f,4,12.1,4
339,ACT,public,12,1,f,7,12.1,7
340,ACT,public,12,1,m,8,12.1,8
341,ACT,public,12,1,m,2,12.1,2
342,ACT,public,12,1,m,6,12.1,6
343,ACT,public,12,1,m,5,12.1,5
344,ACT,public,12,1,m,3,12.1,3
345,ACT,public,12,1,m,6,12.1,6
346,ACT,public,12,1,m,6,12.1,6
348,ACT,public,12,1,m,3,12.1,3
349,ACT,public,12,1,m,5,12.1,5
350,ACT,public,12,1,m,6,12.1,6
352,ACT,public,12,1,m,7,12.1,7
353,ACT,public,12,1,m,7,12.1,7
354,ACT,public,13,1,f,5,13.1,5
355,ACT,public,13,1,f,6,13.1,6
356,ACT,public,13,1,f,8,13.1,8
357,ACT,public,13,1,f,6,13.1,6
358,ACT,public,13,1,f,7,13.1,7
359,ACT,public,13,1,f,5,13.1,5
361,ACT,public,13,1,f,4,13.1,4
362,ACT,public,13,1,f,6,13.1,6
363,ACT,public,13,1,f,8,13.1,8
364,ACT,public,13,1,f,7,13.1,7
367,ACT,public,13,1,f,7,13.1,7
368,ACT,public,13,1,f,6,13.1,6
369,ACT,public,13,1,f,5,13.1,5
370,ACT,public,13,1,f,8,13.1,8
371,ACT,public,13,1,m,8,13.1,8
372,ACT,public,13,1,m,7,13.1,7
373,ACT,public,13,1,m,5,13.1,5
374,ACT,public,13,1,m,8,13.1,8
375,ACT,public,13,1,m,7,13.1,7
376,ACT,public,13,1,m,8,13.1,8
377,ACT,public,13,1,m,7,13.1,7
378,ACT,public,13,1,m,8,13.1,8
379,ACT,public,13,1,m,6,13.1,6
380,ACT,public,13,1,m,4,13.1,4
381,ACT,public,13,1,m,6,13.1,6
382,ACT,public,13,1,m,4,13.1,4
383,ACT,public,13,2,f,6,13.2,6
384,ACT,public,13,2,f,4,13.2,4
385,ACT,public,13,2,f,6,13.2,6
386,ACT,public,13,2,f,8,13.2,8
387,ACT,public,13,2,f,6,13.2,6
388,ACT,public,13,2,f,6,13.2,6
389,ACT,public,13,2,f,6,13.2,6
390,ACT,public,13,2,f,6,13.2,6
391,ACT,public,13,2,f,6,13.2,6
392,ACT,public,13,2,f,5,13.2,5
393,ACT,public,13,2,f,5,13.2,5
394,ACT,public,13,2,m,6,13.2,6
395,ACT,public,13,2,m,6,13.2,6
396,ACT,public,13,2,m,3,13.2,3
398,ACT,public,13,2,m,5,13.2,5
399,ACT,public,13,2,m,6,13.2,6
401,ACT,public,13,2,m,4,13.2,4
403,ACT,public,14,1,f,3,14.1,3
404,ACT,public,14,1,f,4,14.1,4
406,ACT,public,14,1,f,2,14.1,2
408,ACT,public,14,1,f,3,14.1,3
409,ACT,public,14,1,f,3,14.1,3
410,ACT,public,14,1,f,4,14.1,4
411,ACT,public,14,1,f,7,14.1,7
413,ACT,public,14,1,f,6,14.1,6
414,ACT,public,14,1,f,7,14.1,7
415,ACT,public,14,1,m,8,14.1,8
417,ACT,public,14,1,m,6,14.1,6
418,ACT,public,14,1,m,5,14.1,5
419,ACT,public,14,1,m,8,14.1,8
420,ACT,public,14,1,m,4,14.1,4
421,ACT,public,14,1,m,2,14.1,2
422,ACT,public,14,1,m,8,14.1,8
424,ACT,public,14,1,m,6,14.1,6
425,ACT,public,14,1,m,5,14.1,5
426,ACT,public,14,1,m,6,14.1,6
427,ACT,public,14,1,m,1,14.1,1
428,ACT,public,14,1,m,4,14.1,4
429,ACT,public,14,1,m,1,14.1,1
430,ACT,public,14,1,m,1,14.1,1
431,ACT,public,14,1,m,4,14.1,4
432,ACT,public,15,1,f,1,15.1,1
433,ACT,public,15,1,f,6,15.1,6
434,ACT,public,15,1,f,6,15.1,6
435,ACT,public,15,1,f,6,15.1,6
436,ACT,public,15,1,f,4,15.1,4
437,ACT,public,15,1,f,3,15.1,3
438,ACT,public,15,1,f,3,15.1,3
439,ACT,public,15,1,f,2,15.1,2
440,ACT,public,15,1,f,3,15.1,3
443,ACT,public,15,1,m,6,15.1,6
444,ACT,public,15,1,m,4,15.1,4
445,ACT,public,15,1,m,5,15.1,5
446,ACT,public,15,1,m,3,15.1,3
447,ACT,public,15,1,m,3,15.1,3
448,ACT,public,15,1,m,2,15.1,2
449,ACT,public,15,1,m,1,15.1,1
450,ACT,public,15,1,m,6,15.1,6
451,ACT,public,15,1,m,8,15.1,8
452,ACT,public,15,2,f,5,15.2,5
453,ACT,public,15,2,f,8,15.2,8
454,ACT,public,15,2,f,6,15.2,6
455,ACT,public,15,2,f,5,15.2,5
456,ACT,public,15,2,f,6,15.2,6
457,ACT,public,15,2,f,4,15.2,4
458,ACT,public,15,2,f,3,15.2,3
459,ACT,public,15,2,f,3,15.2,3
460,ACT,public,15,2,f,6,15.2,6
461,ACT,public,15,2,f,5,15.2,5
462,ACT,public,15,2,f,3,15.2,3
463,ACT,public,15,2,f,3,15.2,3
464,ACT,public,15,2,m,4,15.2,4
465,ACT,public,15,2,m,4,15.2,4
466,ACT,public,15,2,m,6,15.2,6
467,ACT,public,15,2,m,5,15.2,5
468,ACT,public,15,2,m,3,15.2,3
469,ACT,public,15,2,m,4,15.2,4
470,ACT,public,15,2,m,7,15.2,7
471,ACT,public,15,2,m,8,15.2,8
472,ACT,public,15,2,m,6,15.2,6
473,ACT,public,15,2,m,8,15.2,8
474,ACT,public,15,2,m,3,15.2,3
475,ACT,public,15,2,m,4,15.2,4
476,ACT,public,15,2,m,3,15.2,3
477,ACT,public,16,1,f,4,16.1,4
478,ACT,public,16,1,f,1,16.1,1
479,ACT,public,16,1,f,1,16.1,1
480,ACT,public,16,1,f,1,16.1,1
481,ACT,public,16,1,f,3,16.1,3
482,ACT,public,16,1,f,1,16.1,1
483,ACT,public,16,1,f,5,16.1,5
484,ACT,public,16,1,f,5,16.1,5
485,ACT,public,16,1,f,3,16.1,3
486,ACT,public,16,1,f,6,16.1,6
487,ACT,public,16,1,f,3,16.1,3
488,ACT,public,16,1,f,3,16.1,3
489,ACT,public,16,1,f,2,16.1,2
490,ACT,public,16,1,f,6,16.1,6
491,ACT,public,16,1,m,4,16.1,4
492,ACT,public,16,1,m,6,16.1,6
493,ACT,public,16,1,m,1,16.1,1
494,ACT,public,16,1,m,2,16.1,2
495,ACT,public,16,1,m,2,16.1,2
496,ACT,public,16,1,m,3,16.1,3
497,ACT,public,16,1,m,5,16.1,5
498,ACT,public,16,1,m,8,16.1,8
499,ACT,public,16,1,m,7,16.1,7
500,ACT,public,16,1,m,5,16.1,5
502,ACT,public,16,2,f,7,16.2,7
503,ACT,public,16,2,f,7,16.2,7
504,ACT,public,16,2,f,6,16.2,6
505,ACT,public,16,2,f,4,16.2,4
506,ACT,public,16,2,f,5,16.2,5
507,ACT,public,16,2,f,5,16.2,5
508,ACT,public,16,2,f,2,16.2,2
509,ACT,public,16,2,f,8,16.2,8
510,ACT,public,16,2,f,7,16.2,7
511,ACT,public,16,2,f,6,16.2,6
512,ACT,public,16,2,f,6,16.2,6
513,ACT,public,16,2,f,4,16.2,4
514,ACT,public,16,2,f,6,16.2,6
515,ACT,public,16,2,m,4,16.2,4
516,ACT,public,16,2,m,4,16.2,4
517,ACT,public,16,2,m,8,16.2,8
518,ACT,public,16,2,m,5,16.2,5
519,ACT,public,16,2,m,8,16.2,8
520,ACT,public,16,2,m,3,16.2,3
521,ACT,public,16,2,m,6,16.2,6
522,ACT,public,16,2,m,5,16.2,5
523,ACT,public,16,2,m,6,16.2,6
525,ACT,public,16,2,m,1,16.2,1
526,ACT,public,16,2,m,8,16.2,8
527,ACT,public,16,2,m,6,16.2,6
528,ACT,public,16,3,f,5,16.3,5
529,ACT,public,16,3,f,4,16.3,4
530,ACT,public,16,3,f,6,16.3,6
531,ACT,public,16,3,f,3,16.3,3
533,ACT,public,16,3,f,4,16.3,4
534,ACT,public,16,3,f,6,16.3,6
535,ACT,public,16,3,f,4,16.3,4
537,ACT,public,16,3,f,5,16.3,5
538,ACT,public,16,3,f,6,16.3,6
539,ACT,public,16,3,m,6,16.3,6
540,ACT,public,16,3,m,7,16.3,7
541,ACT,public,16,3,m,4,16.3,4
542,ACT,public,16,3,m,4,16.3,4
543,ACT,public,16,3,m,6,16.3,6
544,ACT,public,16,3,m,4,16.3,4
545,ACT,public,16,3,m,7,16.3,7
546,ACT,public,16,3,m,7,16.3,7
547,ACT,public,16,3,m,4,16.3,4
549,ACT,public,16,3,m,3,16.3,3
550,ACT,public,16,3,m,8,16.3,8
552,ACT,public,16,4,f,3,16.4,3
553,ACT,public,16,4,f,7,16.4,7
554,ACT,public,16,4,f,1,16.4,1
555,ACT,public,16,4,f,3,16.4,3
556,ACT,public,16,4,f,4,16.4,4
557,ACT,public,16,4,f,1,16.4,1
558,ACT,public,16,4,f,3,16.4,3
559,ACT,public,16,4,f,6,16.4,6
560,ACT,public,16,4,f,4,16.4,4
561,ACT,public,16,4,f,3,16.4,3
562,ACT,public,16,4,f,4,16.4,4
563,ACT,public,16,4,f,5,16.4,5
564,ACT,public,16,4,f,4,16.4,4
565,ACT,public,16,4,f,4,16.4,4
566,ACT,public,16,4,m,6,16.4,6
567,ACT,public,16,4,m,6,16.4,6
568,ACT,public,16,4,m,8,16.4,8
569,ACT,public,16,4,m,4,16.4,4
570,ACT,public,16,4,m,6,16.4,6
571,ACT,public,16,4,m,5,16.4,5
572,ACT,public,16,4,m,3,16.4,3
573,ACT,public,16,4,m,6,16.4,6
574,ACT,public,16,4,m,7,16.4,7
575,ACT,public,16,4,m,6,16.4,6
576,ACT,public,16,4,m,6,16.4,6
577,ACT,public,17,1,f,6,17.1,6
578,ACT,public,17,1,f,6,17.1,6
579,ACT,public,17,1,f,6,17.1,6
580,ACT,public,17,1,f,3,17.1,3
581,ACT,public,17,1,f,7,17.1,7
582,ACT,public,17,1,f,6,17.1,6
583,ACT,public,17,1,f,8,17.1,8
584,ACT,public,17,1,f,3,17.1,3
585,ACT,public,17,1,f,6,17.1,6
586,ACT,public,17,1,f,6,17.1,6
587,ACT,public,17,1,f,6,17.1,6
588,ACT,public,17,1,f,5,17.1,5
589,ACT,public,17,1,f,6,17.1,6
590,ACT,public,17,1,f,3,17.1,3
591,ACT,public,17,1,f,4,17.1,4
592,ACT,public,17,1,f,6,17.1,6
594,ACT,public,17,1,f,6,17.1,6
595,ACT,public,17,1,f,4,17.1,4
599,ACT,public,17,1,f,6,17.1,6
600,ACT,public,17,1,f,4,17.1,4
601,ACT,public,17,1,f,8,17.1,8
602,ACT,public,17,1,f,6,17.1,6
603,ACT,public,17,1,f,1,17.1,1
604,ACT,public,17,1,f,6,17.1,6
606,ACT,public,17,1,m,6,17.1,6
607,ACT,public,17,1,m,1,17.1,1
608,ACT,public,17,1,m,3,17.1,3
609,ACT,public,17,1,m,4,17.1,4
610,ACT,public,17,1,m,1,17.1,1
611,ACT,public,17,1,m,4,17.1,4
612,ACT,public,17,1,m,7,17.1,7
613,ACT,public,17,1,m,4,17.1,4
614,ACT,public,17,1,m,4,17.1,4
615,ACT,public,17,1,m,6,17.1,6
616,ACT,public,17,1,m,6,17.1,6
618,ACT,public,17,1,m,4,17.1,4
620,ACT,public,17,1,m,8,17.1,8
621,ACT,public,17,1,m,6,17.1,6
622,ACT,public,17,1,m,6,17.1,6
623,ACT,public,17,1,m,6,17.1,6
624,ACT,public,17,1,m,6,17.1,6
625,ACT,public,17,1,m,7,17.1,7
626,ACT,public,17,1,m,6,17.1,6
627,ACT,public,17,1,m,4,17.1,4
628,ACT,public,17,1,m,1,17.1,1
629,ACT,public,17,1,m,7,17.1,7
630,ACT,public,17,1,m,7,17.1,7
631,ACT,public,17,1,m,4,17.1,4
632,ACT,public,17,1,m,6,17.1,6
633,ACT,public,17,1,m,1,17.1,1
634,ACT,public,18,1,f,4,18.1,4
635,ACT,public,18,1,f,8,18.1,8
636,ACT,public,18,1,f,6,18.1,6
637,ACT,public,18,1,f,5,18.1,5
638,ACT,public,18,1,f,5,18.1,5
639,ACT,public,18,1,f,5,18.1,5
640,ACT,public,18,1,f,3,18.1,3
641,ACT,public,18,1,f,6,18.1,6
642,ACT,public,18,1,f,8,18.1,8
643,ACT,public,18,1,f,3,18.1,3
644,ACT,public,18,1,f,7,18.1,7
645,ACT,public,18,1,f,3,18.1,3
646,ACT,public,18,1,m,6,18.1,6
649,ACT,public,18,1,m,6,18.1,6
650,ACT,public,18,1,m,8,18.1,8
652,ACT,public,18,1,m,7,18.1,7
653,ACT,public,18,1,m,1,18.1,1
654,ACT,public,18,1,m,5,18.1,5
655,ACT,public,18,1,m,6,18.1,6
656,ACT,public,18,1,m,8,18.1,8
657,ACT,public,18,1,m,8,18.1,8
658,ACT,public,18,2,f,4,18.2,4
659,ACT,public,18,2,f,5,18.2,5
660,ACT,public,18,2,f,7,18.2,7
661,ACT,public,18,2,f,6,18.2,6
662,ACT,public,18,2,f,3,18.2,3
663,ACT,public,18,2,m,5,18.2,5
664,ACT,public,18,2,m,6,18.2,6
665,ACT,public,18,2,m,6,18.2,6
666,ACT,public,18,2,m,5,18.2,5
667,ACT,public,18,2,m,4,18.2,4
669,ACT,public,18,2,m,5,18.2,5
670,ACT,public,18,2,m,6,18.2,6
671,ACT,public,19,1,NA,5,19.1,5
672,ACT,public,19,1,NA,5,19.1,5
673,ACT,public,19,1,f,7,19.1,7
674,ACT,public,19,1,f,7,19.1,7
675,ACT,public,19,1,f,3,19.1,3
676,ACT,public,19,1,f,4,19.1,4
677,ACT,public,19,1,f,6,19.1,6
678,ACT,public,19,1,f,3,19.1,3
679,ACT,public,19,1,f,3,19.1,3
680,ACT,public,19,1,f,6,19.1,6
681,ACT,public,19,1,f,6,19.1,6
682,ACT,public,19,1,f,4,19.1,4
683,ACT,public,19,1,f,5,19.1,5
685,ACT,public,19,1,f,5,19.1,5
686,ACT,public,19,1,m,4,19.1,4
688,ACT,public,19,1,m,4,19.1,4
689,ACT,public,19,1,m,4,19.1,4
690,ACT,public,19,1,m,5,19.1,5
691,ACT,public,19,1,m,6,19.1,6
692,ACT,public,19,1,m,4,19.1,4
693,ACT,public,19,1,m,4,19.1,4
694,ACT,public,19,1,m,6,19.1,6
695,ACT,public,19,1,m,1,19.1,1
696,ACT,public,19,1,m,2,19.1,2
697,ACT,public,19,1,m,6,19.1,6
699,ACT,public,20,1,f,7,20.1,7
700,ACT,public,20,1,f,8,20.1,8
701,ACT,public,20,1,f,4,20.1,4
702,ACT,public,20,1,f,3,20.1,3
703,ACT,public,20,1,f,8,20.1,8
704,ACT,public,20,1,f,7,20.1,7
705,ACT,public,20,1,f,4,20.1,4
706,ACT,public,20,1,f,7,20.1,7
707,ACT,public,20,1,m,2,20.1,2
708,ACT,public,20,1,m,4,20.1,4
709,ACT,public,20,1,m,5,20.1,5
710,ACT,public,20,1,m,7,20.1,7
711,ACT,public,20,1,m,6,20.1,6
712,ACT,public,20,2,f,6,20.2,6
714,ACT,public,20,2,f,6,20.2,6
715,ACT,public,20,2,f,6,20.2,6
716,ACT,public,20,2,f,5,20.2,5
718,ACT,public,20,2,f,6,20.2,6
719,ACT,public,20,2,f,3,20.2,3
720,ACT,public,20,2,f,2,20.2,2
721,ACT,public,20,2,f,5,20.2,5
722,ACT,public,20,2,f,7,20.2,7
723,ACT,public,20,2,f,6,20.2,6
724,ACT,public,20,2,f,4,20.2,4
725,ACT,public,20,2,f,4,20.2,4
726,ACT,public,20,2,f,4,20.2,4
727,ACT,public,20,2,f,8,20.2,8
728,ACT,public,20,2,m,4,20.2,4
729,ACT,public,20,2,m,8,20.2,8
730,ACT,public,20,2,m,3,20.2,3
731,ACT,public,20,2,m,5,20.2,5
732,ACT,public,20,2,m,6,20.2,6
734,ACT,public,20,2,m,5,20.2,5
735,ACT,public,20,2,m,6,20.2,6
736,ACT,public,20,2,m,6,20.2,6
737,ACT,public,20,2,m,7,20.2,7
739,ACT,public,21,1,f,5,21.1,5
740,ACT,public,21,1,f,3,21.1,3
741,ACT,public,21,1,f,3,21.1,3
742,ACT,public,21,1,f,5,21.1,5
743,ACT,public,21,1,f,4,21.1,4
744,ACT,public,21,1,f,2,21.1,2
745,ACT,public,21,1,f,5,21.1,5
746,ACT,public,21,1,f,4,21.1,4
747,ACT,public,21,1,f,4,21.1,4
748,ACT,public,21,1,f,5,21.1,5
749,ACT,public,21,1,f,5,21.1,5
750,ACT,public,21,1,f,3,21.1,3
751,ACT,public,21,1,f,4,21.1,4
752,ACT,public,21,1,f,6,21.1,6
753,ACT,public,21,1,m,4,21.1,4
754,ACT,public,21,1,m,3,21.1,3
755,ACT,public,21,1,m,5,21.1,5
756,ACT,public,21,1,m,4,21.1,4
757,ACT,public,21,1,m,7,21.1,7
758,ACT,public,21,1,m,6,21.1,6
759,ACT,public,21,1,m,3,21.1,3
760,ACT,public,21,1,m,8,21.1,8
761,ACT,public,21,1,m,8,21.1,8
762,ACT,public,21,1,m,6,21.1,6
763,ACT,public,21,1,m,1,21.1,1
764,ACT,public,21,1,m,1,21.1,1
765,ACT,public,21,1,m,6,21.1,6
768,ACT,public,21,1,m,8,21.1,8
770,ACT,public,21,1,m,5,21.1,5
771,ACT,public,21,1,m,6,21.1,6
772,ACT,public,21,1,m,1,21.1,1
773,ACT,public,21,1,m,8,21.1,8
774,ACT,public,21,1,m,4,21.1,4
775,ACT,public,21,1,m,5,21.1,5
776,ACT,public,21,1,m,6,21.1,6
777,ACT,public,21,1,m,3,21.1,3
778,ACT,public,21,1,m,6,21.1,6
779,ACT,public,21,1,m,6,21.1,6
781,ACT,public,21,1,m,4,21.1,4
782,ACT,public,21,1,m,6,21.1,6
783,ACT,public,21,1,m,1,21.1,1
784,ACT,public,21,1,m,1,21.1,1
786,ACT,public,22,1,f,3,22.1,3
787,ACT,public,22,1,f,5,22.1,5
788,ACT,public,22,1,f,6,22.1,6
789,ACT,public,22,1,f,6,22.1,6
790,ACT,public,22,1,f,8,22.1,8
791,ACT,public,22,1,m,3,22.1,3
792,ACT,public,22,1,m,5,22.1,5
793,ACT,public,22,1,m,4,22.1,4
794,ACT,public,22,1,m,6,22.1,6
795,ACT,public,22,1,m,8,22.1,8
796,ACT,public,22,1,m,3,22.1,3
797,ACT,public,22,1,m,8,22.1,8
798,ACT,public,22,1,m,4,22.1,4
799,ACT,public,22,1,m,8,22.1,8
800,ACT,public,22,1,m,6,22.1,6
801,ACT,public,22,1,m,3,22.1,3
803,ACT,private,23,1,m,4,23.1,4
804,ACT,private,23,1,m,5,23.1,5
805,ACT,private,23,1,m,1,23.1,1
806,ACT,private,23,1,m,1,23.1,1
809,ACT,private,23,1,m,3,23.1,3
810,ACT,private,23,1,m,7,23.1,7
811,ACT,private,23,1,m,2,23.1,2
812,ACT,private,23,1,m,1,23.1,1
815,ACT,private,23,1,m,1,23.1,1
816,ACT,private,23,1,m,1,23.1,1
818,ACT,private,23,1,m,4,23.1,4
819,ACT,private,23,1,m,2,23.1,2
820,ACT,private,23,1,m,8,23.1,8
821,ACT,private,23,1,m,1,23.1,1
822,ACT,private,23,1,m,2,23.1,2
823,ACT,private,23,1,m,6,23.1,6
824,ACT,private,23,1,m,1,23.1,1
825,ACT,private,23,1,m,3,23.1,3
826,ACT,private,23,1,m,1,23.1,1
827,ACT,private,23,2,m,6,23.2,6
828,ACT,private,23,2,m,4,23.2,4
829,ACT,private,23,2,m,6,23.2,6
830,ACT,private,23,2,m,5,23.2,5
831,ACT,private,23,2,m,8,23.2,8
832,ACT,private,23,2,m,5,23.2,5
833,ACT,private,23,2,m,4,23.2,4
834,ACT,private,23,2,m,5,23.2,5
835,ACT,private,23,2,m,3,23.2,3
836,ACT,private,23,2,m,4,23.2,4
837,ACT,private,23,2,m,6,23.2,6
838,ACT,private,23,2,m,5,23.2,5
839,ACT,private,23,2,m,7,23.2,7
840,ACT,private,23,2,m,6,23.2,6
841,ACT,private,23,2,m,8,23.2,8
842,ACT,private,23,2,m,6,23.2,6
844,ACT,private,23,2,m,7,23.2,7
845,ACT,private,23,2,m,5,23.2,5
846,ACT,private,23,2,m,6,23.2,6
848,ACT,private,23,2,m,8,23.2,8
849,ACT,private,23,2,m,5,23.2,5
850,ACT,private,23,2,m,6,23.2,6
851,ACT,private,23,2,m,6,23.2,6
852,ACT,private,23,3,m,4,23.3,4
853,ACT,private,23,3,m,6,23.3,6
854,ACT,private,23,3,m,8,23.3,8
855,ACT,private,23,3,m,4,23.3,4
856,ACT,private,23,3,m,6,23.3,6
857,ACT,private,23,3,m,6,23.3,6
859,ACT,private,23,3,m,1,23.3,1
860,ACT,private,23,3,m,1,23.3,1
861,ACT,private,23,3,m,4,23.3,4
862,ACT,private,23,3,m,7,23.3,7
863,ACT,private,23,3,m,6,23.3,6
864,ACT,private,23,3,m,8,23.3,8
865,ACT,private,23,3,m,3,23.3,3
866,ACT,private,23,3,m,6,23.3,6
868,ACT,private,23,3,m,5,23.3,5
869,ACT,private,23,3,m,4,23.3,4
870,ACT,private,23,3,m,6,23.3,6
871,ACT,private,23,3,m,1,23.3,1
872,ACT,private,23,3,m,8,23.3,8
873,ACT,private,23,3,m,6,23.3,6
875,ACT,private,23,3,m,3,23.3,3
876,ACT,private,23,3,m,5,23.3,5
877,ACT,private,23,4,m,3,23.4,3
878,ACT,private,23,4,m,6,23.4,6
879,ACT,private,23,4,m,1,23.4,1
880,ACT,private,23,4,m,5,23.4,5
881,ACT,private,23,4,m,4,23.4,4
882,ACT,private,23,4,m,5,23.4,5
883,ACT,private,23,4,m,4,23.4,4
884,ACT,private,23,4,m,3,23.4,3
885,ACT,private,23,4,m,6,23.4,6
887,ACT,private,23,4,m,3,23.4,3
888,ACT,private,23,4,m,4,23.4,4
889,ACT,private,23,4,m,5,23.4,5
890,ACT,private,23,4,m,4,23.4,4
891,ACT,private,23,4,m,2,23.4,2
892,ACT,private,23,4,m,1,23.4,1
893,ACT,private,23,4,m,8,23.4,8
894,ACT,private,23,4,m,4,23.4,4
895,ACT,private,23,4,m,6,23.4,6
896,ACT,private,23,4,m,6,23.4,6
897,ACT,private,23,4,m,5,23.4,5
898,ACT,private,23,4,m,6,23.4,6
899,ACT,private,23,4,m,8,23.4,8
900,ACT,private,23,4,m,6,23.4,6
901,ACT,public,24,1,f,5,24.1,5
902,ACT,public,24,1,f,4,24.1,4
903,ACT,public,24,1,f,6,24.1,6
904,ACT,public,24,1,f,6,24.1,6
906,ACT,public,24,1,f,2,24.1,2
907,ACT,public,24,1,f,4,24.1,4
908,ACT,public,24,1,f,3,24.1,3
909,ACT,public,24,1,f,8,24.1,8
910,ACT,public,24,1,f,6,24.1,6
911,ACT,public,24,1,f,2,24.1,2
912,ACT,public,24,1,f,4,24.1,4
913,ACT,public,24,1,f,6,24.1,6
914,ACT,public,24,1,f,6,24.1,6
915,ACT,public,24,1,f,6,24.1,6
917,ACT,public,24,1,m,6,24.1,6
918,ACT,public,24,1,m,6,24.1,6
919,ACT,public,24,1,m,8,24.1,8
920,ACT,public,24,1,m,5,24.1,5
921,ACT,public,24,1,m,4,24.1,4
922,ACT,public,24,1,m,6,24.1,6
923,ACT,public,24,1,m,6,24.1,6
924,ACT,public,24,1,m,3,24.1,3
926,ACT,public,24,1,m,2,24.1,2
927,ACT,public,24,1,m,8,24.1,8
929,ACT,public,24,1,m,4,24.1,4
930,ACT,public,24,1,m,6,24.1,6
931,ACT,public,24,1,m,6,24.1,6
933,ACT,public,24,1,m,7,24.1,7
934,ACT,public,24,1,m,3,24.1,3
935,ACT,public,25,1,f,4,25.1,4
937,ACT,public,25,1,f,6,25.1,6
938,ACT,public,25,1,f,7,25.1,7
940,ACT,public,25,1,f,8,25.1,8
941,ACT,public,25,1,f,5,25.1,5
942,ACT,public,25,1,f,8,25.1,8
943,ACT,public,25,1,f,6,25.1,6
944,ACT,public,25,1,f,7,25.1,7
945,ACT,public,25,1,f,6,25.1,6
946,ACT,public,25,1,f,4,25.1,4
947,ACT,public,25,1,f,6,25.1,6
948,ACT,public,25,1,m,2,25.1,2
949,ACT,public,25,1,m,6,25.1,6
951,ACT,public,25,1,m,6,25.1,6
952,ACT,public,25,1,m,6,25.1,6
953,ACT,public,25,1,m,1,25.1,1
954,ACT,public,25,1,m,7,25.1,7
955,ACT,public,25,1,m,6,25.1,6
956,ACT,public,25,1,m,4,25.1,4
958,ACT,public,25,1,m,6,25.1,6
959,ACT,public,25,1,m,6,25.1,6
960,ACT,public,25,1,m,8,25.1,8
961,ACT,public,25,1,m,8,25.1,8
962,ACT,public,25,1,m,1,25.1,1
963,ACT,public,25,1,m,6,25.1,6
964,ACT,public,25,1,m,5,25.1,5
965,ACT,public,25,1,m,5,25.1,5
966,ACT,public,25,1,m,3,25.1,3
967,ACT,public,25,1,m,6,25.1,6
968,ACT,public,25,1,m,8,25.1,8
969,ACT,public,25,1,m,3,25.1,3
971,ACT,public,26,1,f,2,26.1,2
972,ACT,public,26,1,f,6,26.1,6
973,ACT,public,26,1,f,5,26.1,5
974,ACT,public,26,1,f,6,26.1,6
975,ACT,public,26,1,f,4,26.1,4
976,ACT,public,26,1,f,6,26.1,6
977,ACT,public,26,1,f,2,26.1,2
978,ACT,public,26,1,m,4,26.1,4
980,ACT,public,26,1,m,6,26.1,6
981,ACT,public,26,1,m,7,26.1,7
982,ACT,public,26,1,m,7,26.1,7
983,ACT,public,26,1,m,5,26.1,5
984,ACT,public,26,1,m,3,26.1,3
985,ACT,public,26,2,f,8,26.2,8
986,ACT,public,26,2,f,7,26.2,7
987,ACT,public,26,2,f,3,26.2,3
988,ACT,public,26,2,f,6,26.2,6
989,ACT,public,26,2,f,1,26.2,1
990,ACT,public,26,2,f,3,26.2,3
992,ACT,public,26,2,f,7,26.2,7
993,ACT,public,26,2,f,4,26.2,4
994,ACT,public,26,2,f,4,26.2,4
995,ACT,public,26,2,m,6,26.2,6
996,ACT,public,26,2,m,5,26.2,5
998,ACT,public,26,2,m,5,26.2,5
999,ACT,public,27,1,f,7,27.1,7
1000,ACT,public,27,1,f,7,27.1,7
1001,ACT,public,27,1,f,3,27.1,3
1002,ACT,public,27,1,f,6,27.1,6
1003,ACT,public,27,1,f,6,27.1,6
1005,ACT,public,27,1,m,6,27.1,6
1007,ACT,public,27,2,f,5,27.2,5
1009,ACT,public,27,2,f,6,27.2,6
1010,ACT,public,27,2,f,6,27.2,6
1011,ACT,public,27,2,f,5,27.2,5
1012,ACT,public,27,2,f,4,27.2,4
1013,ACT,public,27,2,f,6,27.2,6
1014,ACT,public,27,2,f,6,27.2,6
1015,ACT,public,27,2,m,6,27.2,6
1017,ACT,public,27,2,m,3,27.2,3
1018,ACT,public,27,2,m,1,27.2,1
1019,ACT,public,27,2,m,2,27.2,2
1020,ACT,public,27,2,m,7,27.2,7
1021,ACT,public,27,2,m,3,27.2,3
1022,ACT,public,27,2,m,1,27.2,1
1023,ACT,public,27,2,m,4,27.2,4
1024,ACT,public,27,2,m,6,27.2,6
1025,ACT,public,28,1,f,7,28.1,7
1026,ACT,public,28,1,f,4,28.1,4
1027,ACT,public,28,1,f,7,28.1,7
1028,ACT,public,28,1,f,7,28.1,7
1029,ACT,public,28,1,m,6,28.1,6
1030,ACT,public,28,1,m,4,28.1,4
1031,ACT,public,28,1,m,4,28.1,4
1032,ACT,public,28,1,m,3,28.1,3
1033,ACT,public,28,1,m,6,28.1,6
1034,ACT,public,28,1,m,7,28.1,7
1035,ACT,public,28,2,f,6,28.2,6
1036,ACT,public,28,2,f,6,28.2,6
1037,ACT,public,28,2,f,8,28.2,8
1038,ACT,public,28,2,f,6,28.2,6
1039,ACT,public,28,2,f,6,28.2,6
1040,ACT,public,28,2,f,3,28.2,3
1041,ACT,public,28,2,f,4,28.2,4
1042,ACT,public,28,2,f,7,28.2,7
1044,ACT,public,28,2,f,7,28.2,7
1045,ACT,public,28,2,m,6,28.2,6
1047,ACT,public,28,2,m,4,28.2,4
1048,ACT,public,28,2,m,8,28.2,8
1049,ACT,public,28,2,m,6,28.2,6
1050,ACT,public,28,2,m,5,28.2,5
1051,ACT,public,29,1,f,6,29.1,6
1052,ACT,public,29,1,f,6,29.1,6
1053,ACT,public,29,1,f,5,29.1,5
1054,ACT,public,29,1,f,4,29.1,4
1055,ACT,public,29,1,m,1,29.1,1
1056,ACT,public,29,1,m,6,29.1,6
1058,ACT,public,29,1,m,3,29.1,3
1059,ACT,public,29,2,f,7,29.2,7
1060,ACT,public,29,2,f,6,29.2,6
1061,ACT,public,29,2,f,6,29.2,6
1062,ACT,public,29,2,f,4,29.2,4
1064,ACT,public,29,2,m,8,29.2,8
1065,ACT,public,29,2,m,6,29.2,6
1066,ACT,public,29,2,m,5,29.2,5
1067,ACT,public,29,2,m,6,29.2,6
1068,ACT,public,29,2,m,8,29.2,8
1069,ACT,public,29,2,m,3,29.2,3
1071,ACT,public,29,3,f,5,29.3,5
1072,ACT,public,29,3,f,7,29.3,7
1073,ACT,public,29,3,f,6,29.3,6
1074,ACT,public,29,3,f,4,29.3,4
1075,ACT,public,29,3,f,4,29.3,4
1076,ACT,public,29,3,m,7,29.3,7
1077,ACT,public,29,3,m,4,29.3,4
1078,ACT,public,29,3,m,6,29.3,6
1079,ACT,public,29,3,m,7,29.3,7
1080,ACT,public,29,3,m,6,29.3,6
1081,ACT,public,29,3,m,6,29.3,6
1083,ACT,public,30,1,f,3,30.1,3
1084,ACT,public,30,1,f,5,30.1,5
1085,ACT,public,30,1,f,8,30.1,8
1087,ACT,public,30,1,f,4,30.1,4
1089,ACT,public,30,1,f,2,30.1,2
1090,ACT,public,30,1,f,6,30.1,6
1091,ACT,public,30,1,f,4,30.1,4
1092,ACT,public,30,1,f,6,30.1,6
1093,ACT,public,30,1,f,5,30.1,5
1094,ACT,public,30,1,f,6,30.1,6
1095,ACT,public,30,1,f,4,30.1,4
1096,ACT,public,30,1,f,6,30.1,6
1097,ACT,public,30,1,f,3,30.1,3
1099,ACT,public,30,1,m,5,30.1,5
1100,ACT,public,30,1,m,1,30.1,1
1101,ACT,public,30,1,m,4,30.1,4
1102,ACT,public,30,1,m,5,30.1,5
1103,ACT,public,30,1,m,4,30.1,4
1104,ACT,public,30,1,m,3,30.1,3
1105,ACT,public,30,1,m,5,30.1,5
1106,ACT,public,30,1,m,4,30.1,4
1107,ACT,public,30,1,m,5,30.1,5
1108,ACT,public,30,2,f,8,30.2,8
1109,ACT,public,30,2,f,4,30.2,4
1110,ACT,public,30,2,f,8,30.2,8
1111,ACT,public,30,2,f,7,30.2,7
1112,ACT,public,30,2,f,3,30.2,3
1113,ACT,public,30,2,f,6,30.2,6
1114,ACT,public,30,2,f,6,30.2,6
1116,ACT,public,30,2,f,4,30.2,4
1117,ACT,public,30,2,f,6,30.2,6
1118,ACT,public,30,2,f,7,30.2,7
1119,ACT,public,30,2,f,4,30.2,4
1121,ACT,public,30,2,m,8,30.2,8
1122,ACT,public,30,2,m,3,30.2,3
1123,ACT,public,30,2,m,7,30.2,7
1124,ACT,public,30,2,m,7,30.2,7
1125,ACT,public,30,2,m,6,30.2,6
1126,ACT,public,30,2,m,5,30.2,5
1127,ACT,public,30,2,m,8,30.2,8
1128,ACT,public,30,2,m,5,30.2,5
1130,ACT,public,30,2,m,5,30.2,5
1131,ACT,public,30,2,m,6,30.2,6
1132,ACT,public,30,2,m,6,30.2,6
1134,ACT,public,30,2,m,5,30.2,5
1136,ACT,private,31,1,f,7,31.1,7
1137,ACT,private,31,1,f,8,31.1,8
1138,ACT,private,31,1,f,6,31.1,6
1139,ACT,private,31,1,f,6,31.1,6
1140,ACT,private,31,1,f,4,31.1,4
1141,ACT,private,31,1,f,5,31.1,5
1143,ACT,private,31,1,f,2,31.1,2
1144,ACT,private,31,1,f,6,31.1,6
1145,ACT,private,31,1,f,4,31.1,4
1146,ACT,private,31,1,f,6,31.1,6
1147,ACT,private,31,1,f,6,31.1,6
1148,ACT,private,31,1,m,6,31.1,6
1149,ACT,private,31,1,m,4,31.1,4
1151,ACT,private,31,1,m,6,31.1,6
1153,ACT,private,31,1,m,5,31.1,5
1154,ACT,private,31,1,m,6,31.1,6
1155,ACT,private,31,1,m,4,31.1,4
1156,ACT,private,31,1,m,5,31.1,5
1157,ACT,private,31,1,m,7,31.1,7
1158,ACT,private,31,1,m,8,31.1,8
1159,ACT,private,31,1,m,4,31.1,4
1160,ACT,private,31,1,m,6,31.1,6
1161,ACT,private,31,1,m,7,31.1,7
1162,ACT,private,31,1,m,3,31.1,3
1163,ACT,private,31,1,m,4,31.1,4
1164,ACT,private,31,1,m,7,31.1,7
1165,ACT,private,31,1,m,3,31.1,3
1167,ACT,private,31,2,f,4,31.2,4
1168,ACT,private,31,2,f,5,31.2,5
1169,ACT,private,31,2,f,6,31.2,6
1170,ACT,private,31,2,f,8,31.2,8
1171,ACT,private,31,2,f,6,31.2,6
1172,ACT,private,31,2,f,6,31.2,6
1173,ACT,private,31,2,f,5,31.2,5
1175,ACT,private,31,2,f,6,31.2,6
1176,ACT,private,31,2,f,8,31.2,8
1177,ACT,private,31,2,f,4,31.2,4
1178,ACT,private,31,2,m,6,31.2,6
1179,ACT,private,31,2,m,5,31.2,5
1180,ACT,private,31,2,m,5,31.2,5
1181,ACT,private,31,2,m,7,31.2,7
1182,ACT,private,31,2,m,5,31.2,5
1183,ACT,private,31,2,m,6,31.2,6
1184,ACT,private,31,2,m,4,31.2,4
1185,ACT,private,31,2,m,6,31.2,6
1186,ACT,private,31,2,m,6,31.2,6
1187,ACT,private,31,2,m,5,31.2,5
1188,ACT,private,31,2,m,2,31.2,2
1189,ACT,private,31,2,m,7,31.2,7
1190,ACT,private,31,2,m,4,31.2,4
1191,ACT,private,32,1,f,4,32.1,4
1192,ACT,private,32,1,f,4,32.1,4
1193,ACT,private,32,1,f,1,32.1,1
1194,ACT,private,32,1,f,4,32.1,4
1195,ACT,private,32,1,f,7,32.1,7
1196,ACT,private,32,1,f,4,32.1,4
1197,ACT,private,32,1,f,7,32.1,7
1198,ACT,private,32,1,f,4,32.1,4
1199,ACT,private,32,1,f,6,32.1,6
1200,ACT,private,32,1,f,4,32.1,4
1201,ACT,private,32,1,f,4,32.1,4
1202,ACT,private,32,1,f,4,32.1,4
1203,ACT,private,32,1,f,1,32.1,1
1204,ACT,private,32,1,f,4,32.1,4
1205,ACT,private,32,1,f,7,32.1,7
1206,ACT,private,32,1,f,4,32.1,4
1207,ACT,private,32,1,f,7,32.1,7
1208,ACT,private,32,1,f,4,32.1,4
1209,ACT,private,32,1,f,6,32.1,6
1210,ACT,private,32,1,f,4,32.1,4
1211,ACT,private,32,1,m,6,32.1,6
1212,ACT,private,32,1,m,5,32.1,5
1213,ACT,private,32,1,m,6,32.1,6
1214,ACT,private,32,1,m,5,32.1,5
1215,ACT,private,32,1,m,1,32.1,1
1216,ACT,private,32,1,m,1,32.1,1
1217,ACT,private,32,1,m,6,32.1,6
1218,ACT,private,32,1,m,5,32.1,5
1219,ACT,private,32,1,m,6,32.1,6
1220,ACT,private,32,1,m,5,32.1,5
1221,ACT,private,32,1,m,1,32.1,1
1222,ACT,private,32,1,m,1,32.1,1
1223,ACT,private,32,1,f,6,32.1,6
1224,ACT,private,32,1,f,6,32.1,6
1225,ACT,private,33,1,f,8,33.1,8
1226,ACT,private,33,1,f,4,33.1,4
1227,ACT,private,33,1,f,5,33.1,5
1229,ACT,private,33,1,f,5,33.1,5
1230,ACT,private,33,1,f,6,33.1,6
1232,ACT,private,33,1,f,6,33.1,6
1233,ACT,private,33,1,f,5,33.1,5
1234,ACT,private,33,1,f,3,33.1,3
1235,ACT,private,33,1,f,5,33.1,5
1236,ACT,private,33,1,f,3,33.1,3
1237,ACT,private,33,1,f,4,33.1,4
1238,ACT,private,33,1,f,4,33.1,4
1239,ACT,private,33,1,f,4,33.1,4
1240,ACT,private,33,1,f,7,33.1,7
1241,ACT,private,33,1,f,5,33.1,5
1242,ACT,private,33,1,f,6,33.1,6
1243,ACT,private,33,1,f,3,33.1,3
1244,ACT,private,33,1,f,4,33.1,4
1247,ACT,private,33,1,f,4,33.1,4
1248,ACT,private,33,1,f,3,33.1,3
1249,ACT,private,33,1,f,6,33.1,6
1251,ACT,private,33,1,f,4,33.1,4
1252,ACT,private,33,1,m,6,33.1,6
1253,ACT,private,33,1,m,8,33.1,8
1254,ACT,private,33,1,m,4,33.1,4
1255,ACT,private,33,1,m,6,33.1,6
1256,ACT,private,33,1,m,7,33.1,7
1257,ACT,private,33,1,m,3,33.1,3
1258,ACT,private,33,1,m,4,33.1,4
1259,ACT,private,34,1,f,1,34.1,1
1260,ACT,private,34,1,f,6,34.1,6
1261,ACT,private,34,1,f,5,34.1,5
1262,ACT,private,34,1,f,7,34.1,7
1263,ACT,private,34,1,f,5,34.1,5
1264,ACT,private,34,1,f,7,34.1,7
1265,ACT,private,34,1,f,4,34.1,4
1266,ACT,private,34,1,f,5,34.1,5
1267,ACT,private,34,1,f,4,34.1,4
1268,ACT,private,34,1,f,3,34.1,3
1269,ACT,private,34,1,f,6,34.1,6
1270,ACT,private,34,1,f,3,34.1,3
1271,ACT,private,34,1,m,8,34.1,8
1273,ACT,private,35,1,f,5,35.1,5
1274,ACT,private,35,1,f,8,35.1,8
1275,ACT,private,35,1,f,7,35.1,7
1276,ACT,private,35,1,f,8,35.1,8
1277,ACT,private,35,1,f,6,35.1,6
1279,ACT,private,35,1,f,4,35.1,4
1280,ACT,private,35,1,f,3,35.1,3
1281,ACT,private,35,1,f,6,35.1,6
1282,ACT,private,35,1,f,6,35.1,6
1283,ACT,private,35,1,f,4,35.1,4
1285,ACT,private,35,1,f,5,35.1,5
1289,ACT,private,35,1,m,7,35.1,7
1290,ACT,private,35,1,m,7,35.1,7
1291,ACT,private,35,1,m,4,35.1,4
1292,ACT,private,35,1,m,6,35.1,6
1294,ACT,private,36,1,f,1,36.1,1
1295,ACT,private,36,1,f,5,36.1,5
1296,ACT,private,36,1,f,1,36.1,1
1297,ACT,private,36,1,f,2,36.1,2
1298,ACT,private,36,1,f,3,36.1,3
1299,ACT,private,36,1,f,4,36.1,4
1300,ACT,private,36,1,f,5,36.1,5
1301,ACT,private,36,1,f,1,36.1,1
1302,ACT,private,36,1,f,4,36.1,4
1303,ACT,private,36,1,f,8,36.1,8
1304,ACT,private,36,1,f,3,36.1,3
1305,ACT,private,36,1,f,4,36.1,4
1306,ACT,private,36,1,f,2,36.1,2
1307,ACT,private,36,1,f,8,36.1,8
1308,ACT,private,36,1,f,5,36.1,5
1309,ACT,private,36,1,f,3,36.1,3
1310,ACT,private,36,1,f,3,36.1,3
1311,ACT,private,36,1,f,3,36.1,3
1312,ACT,private,36,1,f,6,36.1,6
1313,ACT,private,36,1,f,5,36.1,5
1314,ACT,private,36,1,f,2,36.1,2
1315,ACT,private,36,1,f,5,36.1,5
1316,ACT,private,36,1,f,5,36.1,5
1317,ACT,private,36,1,m,1,36.1,1
1318,ACT,private,36,1,m,3,36.1,3
1319,ACT,private,36,1,m,1,36.1,1
1320,ACT,private,36,1,m,1,36.1,1
1321,ACT,private,36,1,m,1,36.1,1
1322,ACT,private,36,1,m,4,36.1,4
1323,ACT,private,36,1,m,4,36.1,4
1324,ACT,private,36,1,m,4,36.1,4
1326,ACT,private,36,1,m,5,36.1,5
1327,ACT,private,36,1,m,1,36.1,1
1329,ACT,private,36,1,m,3,36.1,3
1330,ACT,private,36,1,m,5,36.1,5
1331,ACT,private,36,1,m,7,36.1,7
1332,ACT,private,36,1,m,7,36.1,7
1333,ACT,private,36,2,f,4,36.2,4
1334,ACT,private,36,2,f,6,36.2,6
1335,ACT,private,36,2,f,1,36.2,1
1336,ACT,private,36,2,f,4,36.2,4
1337,ACT,private,36,2,f,4,36.2,4
1338,ACT,private,36,2,f,8,36.2,8
1339,ACT,private,36,2,f,6,36.2,6
1340,ACT,private,36,2,f,5,36.2,5
1341,ACT,private,36,2,f,6,36.2,6
1342,ACT,private,36,2,f,8,36.2,8
1343,ACT,private,36,2,f,8,36.2,8
1344,ACT,private,36,2,f,6,36.2,6
1345,ACT,private,36,2,f,3,36.2,3
1346,ACT,private,36,2,f,5,36.2,5
1347,ACT,private,36,2,f,3,36.2,3
1348,ACT,private,36,2,f,2,36.2,2
1349,ACT,private,36,2,f,3,36.2,3
1350,ACT,private,36,2,f,4,36.2,4
1351,ACT,private,36,2,f,4,36.2,4
1352,ACT,private,36,2,f,7,36.2,7
1353,ACT,private,36,2,f,8,36.2,8
1354,ACT,private,36,2,f,7,36.2,7
1355,ACT,private,36,2,f,6,36.2,6
1356,ACT,private,36,2,f,4,36.2,4
1358,ACT,private,36,2,f,6,36.2,6
1359,ACT,private,36,2,f,4,36.2,4
1360,ACT,private,36,2,f,4,36.2,4
1361,ACT,private,36,2,f,6,36.2,6
1362,ACT,private,36,2,f,4,36.2,4
1363,ACT,private,36,2,f,6,36.2,6
1364,ACT,private,36,2,f,3,36.2,3
1365,ACT,private,36,2,f,8,36.2,8
1366,ACT,private,36,2,m,6,36.2,6
1367,ACT,private,36,2,m,3,36.2,3
1369,ACT,private,36,2,m,6,36.2,6
1370,ACT,private,36,2,m,4,36.2,4
1371,ACT,private,36,2,m,1,36.2,1
1372,ACT,private,36,2,m,6,36.2,6
1373,ACT,private,36,2,m,6,36.2,6
1374,ACT,private,36,2,m,6,36.2,6
1376,ACT,private,36,2,m,8,36.2,8
1377,ACT,private,36,2,m,8,36.2,8
1378,ACT,private,36,2,m,6,36.2,6
1379,ACT,private,36,2,m,6,36.2,6
1380,ACT,private,36,3,f,3,36.3,3
1381,ACT,private,36,3,f,2,36.3,2
1382,ACT,private,36,3,f,7,36.3,7
1383,ACT,private,36,3,f,4,36.3,4
1386,ACT,private,36,3,f,3,36.3,3
1387,ACT,private,36,3,f,3,36.3,3
1388,ACT,private,36,3,f,8,36.3,8
1390,ACT,private,36,3,f,8,36.3,8
1391,ACT,private,36,3,f,4,36.3,4
1392,ACT,private,36,3,f,3,36.3,3
1393,ACT,private,36,3,m,6,36.3,6
1394,ACT,private,36,3,m,6,36.3,6
1397,ACT,private,36,3,m,5,36.3,5
1398,ACT,private,36,3,m,7,36.3,7
1399,ACT,private,36,3,m,5,36.3,5
1401,ACT,private,36,3,m,6,36.3,6
1403,ACT,private,36,3,m,8,36.3,8
1404,ACT,private,36,3,m,5,36.3,5
1405,ACT,private,36,3,m,6,36.3,6
1407,ACT,private,36,3,m,6,36.3,6
1408,ACT,private,36,3,m,7,36.3,7
1409,ACT,private,36,4,f,6,36.4,6
1410,ACT,private,36,4,f,6,36.4,6
1411,ACT,private,36,4,f,4,36.4,4
1412,ACT,private,36,4,f,4,36.4,4
1413,ACT,private,36,4,f,6,36.4,6
1414,ACT,private,36,4,f,6,36.4,6
1415,ACT,private,36,4,f,5,36.4,5
1416,ACT,private,36,4,f,6,36.4,6
1417,ACT,private,36,4,f,5,36.4,5
1418,ACT,private,36,4,f,5,36.4,5
1419,ACT,private,36,4,f,2,36.4,2
1421,ACT,private,36,4,m,4,36.4,4
1422,ACT,private,36,4,m,6,36.4,6
1423,ACT,private,36,4,m,6,36.4,6
1424,ACT,private,36,4,m,6,36.4,6
1425,ACT,private,36,4,m,6,36.4,6
1426,ACT,private,36,4,m,8,36.4,8
1427,ACT,private,36,4,m,8,36.4,8
1428,ACT,private,36,4,m,8,36.4,8
1430,ACT,private,36,4,m,6,36.4,6
1431,ACT,private,36,4,m,5,36.4,5
1432,ACT,private,37,1,f,1,37.1,1
1433,ACT,private,37,1,f,4,37.1,4
1434,ACT,private,37,1,f,1,37.1,1
1436,ACT,private,38,1,f,6,38.1,6
1437,ACT,private,38,1,f,3,38.1,3
1438,ACT,private,38,1,f,1,38.1,1
1440,ACT,private,38,1,f,6,38.1,6
1441,ACT,private,38,1,f,1,38.1,1
1442,ACT,private,38,1,f,4,38.1,4
1443,ACT,private,38,1,f,6,38.1,6
1444,ACT,private,38,1,f,6,38.1,6
1445,ACT,private,38,1,f,6,38.1,6
1446,ACT,private,38,1,f,6,38.1,6
1447,ACT,private,38,1,m,2,38.1,2
1449,ACT,private,38,1,m,1,38.1,1
1450,ACT,private,38,1,m,4,38.1,4
1451,ACT,private,38,1,m,5,38.1,5
1452,ACT,private,38,1,m,4,38.1,4
1453,ACT,private,38,1,m,4,38.1,4
1454,ACT,private,38,1,m,6,38.1,6
1456,ACT,private,38,1,m,3,38.1,3
1457,ACT,private,38,1,m,6,38.1,6
1458,ACT,private,38,1,m,3,38.1,3
1459,ACT,private,38,1,m,5,38.1,5
1461,ACT,private,39,1,f,6,39.1,6
1462,ACT,private,39,1,f,6,39.1,6
1464,ACT,private,39,1,f,5,39.1,5
1465,ACT,private,39,1,f,4,39.1,4
1466,ACT,private,39,1,f,4,39.1,4
1467,ACT,private,39,1,f,4,39.1,4
1468,ACT,private,39,1,f,4,39.1,4
1469,ACT,private,39,1,f,6,39.1,6
1471,ACT,private,39,1,f,4,39.1,4
1472,ACT,private,39,1,f,4,39.1,4
1473,ACT,private,39,1,f,7,39.1,7
1474,ACT,private,39,1,f,6,39.1,6
1475,ACT,private,39,1,f,8,39.1,8
1476,ACT,private,39,1,f,3,39.1,3
1477,ACT,private,39,1,f,6,39.1,6
1478,ACT,private,39,1,f,5,39.1,5
1479,ACT,private,39,1,f,5,39.1,5
1480,ACT,private,39,1,m,6,39.1,6
1481,ACT,private,39,1,m,6,39.1,6
1482,ACT,private,39,1,m,6,39.1,6
1483,ACT,private,39,1,m,6,39.1,6
1484,ACT,private,39,1,m,5,39.1,5
1486,ACT,private,39,1,m,7,39.1,7
1487,ACT,private,39,1,m,6,39.1,6
1489,ACT,private,39,1,m,4,39.1,4
1490,ACT,private,39,1,m,4,39.1,4
1491,ACT,private,39,1,m,3,39.1,3
1492,ACT,private,39,1,m,8,39.1,8
1493,NSW,private,40,1,f,6,40.1,6
1494,NSW,private,40,1,f,4,40.1,4
1495,NSW,private,40,1,f,7,40.1,7
1496,NSW,private,40,1,f,6,40.1,6
1497,NSW,private,40,1,f,6,40.1,6
1498,NSW,private,40,1,m,3,40.1,3
1499,NSW,private,40,1,m,5,40.1,5
1500,NSW,private,40,1,m,4,40.1,4
1501,NSW,private,40,1,m,8,40.1,8
1503,NSW,private,41,1,f,5,41.1,5
1504,NSW,private,41,1,f,3,41.1,3
1505,NSW,private,41,1,f,5,41.1,5
1506,NSW,private,41,1,f,4,41.1,4
1507,NSW,private,41,1,f,5,41.1,5
1508,NSW,private,41,1,f,4,41.1,4
1509,NSW,private,41,1,f,4,41.1,4
1510,NSW,private,41,1,f,5,41.1,5
1511,NSW,private,41,1,f,5,41.1,5
1513,NSW,private,41,1,m,5,41.1,5
1514,NSW,private,41,1,m,6,41.1,6
1515,NSW,private,41,1,m,8,41.1,8
1516,NSW,private,41,1,m,5,41.1,5
1517,NSW,private,41,1,m,6,41.1,6
1518,NSW,private,41,1,m,5,41.1,5
1519,NSW,private,41,2,f,6,41.2,6
1520,NSW,private,41,2,f,4,41.2,4
1521,NSW,private,41,2,f,6,41.2,6
1522,NSW,private,41,2,f,5,41.2,5
1523,NSW,private,41,2,f,6,41.2,6
1524,NSW,private,41,2,f,3,41.2,3
1525,NSW,private,41,2,f,4,41.2,4
1526,NSW,private,41,2,f,3,41.2,3
1527,NSW,private,41,2,f,3,41.2,3
1528,NSW,private,41,2,f,3,41.2,3
1529,NSW,private,41,2,f,3,41.2,3
1530,NSW,private,41,2,f,6,41.2,6
1531,NSW,private,41,2,f,4,41.2,4
1532,NSW,private,41,2,f,4,41.2,4
1533,NSW,private,41,2,f,4,41.2,4
1534,NSW,private,41,2,f,5,41.2,5
1535,NSW,private,41,2,m,5,41.2,5
1536,NSW,private,41,2,m,3,41.2,3
1537,NSW,private,41,2,m,4,41.2,4
1538,NSW,private,41,2,m,1,41.2,1
1540,NSW,private,41,2,m,3,41.2,3
1541,NSW,private,41,2,m,7,41.2,7
1542,NSW,private,41,2,m,6,41.2,6
1543,NSW,private,41,2,m,2,41.2,2
1544,NSW,private,41,2,m,6,41.2,6
